EmployeeID,FirstName,LastName,DisplayName,Username,Email,Department,JobTitle,Office,Status
10001,Isabella,Torres,Isabella Torres,itorres1,itorres1@company.com,DEVELOPER,Software Developer,Kitchener,Active
10002,Madison,Lee,Madison Lee,mlee2,mlee2@company.com,DEVELOPER,Software Developer,Kitchener,Active
10003,Isabella,Adams,Isabella Adams,iadams3,iadams3@company.com,PEOPLEOPS,People Ops Specialist,Kitchener,Active
10004,Elizabeth,Sanchez,Elizabeth Sanchez,esanchez4,esanchez4@company.com,DEVELOPER,Software Developer,Kitchener,Active
10005,Scarlett,Robinson,Scarlett Robinson,srobinson5,srobinson5@company.com,DEVELOPER,Software Developer,Kitchener,Active
10006,Sophia,Taylor,Sophia Taylor,staylor6,staylor6@company.com,DEVELOPER,Software Developer,Kitchener,Active
10007,William,Thomas,William Thomas,wthomas7,wthomas7@company.com,DEVELOPER,Software Developer,Kitchener,Active
10008,Layla,Scott,Layla Scott,lscott8,lscott8@company.com,DEVELOPER,Software Developer,Kitchener,Active
10009,Jackson,Taylor,Jackson Taylor,jtaylor9,jtaylor9@company.com,DEVELOPER,Software Developer,Kitchener,Active
10010,Layla,Nguyen,Layla Nguyen,lnguyen10,lnguyen10@company.com,DEVELOPER,Software Developer,Kitchener,Active
10011,Luna,Nguyen,Luna Nguyen,lnguyen11,lnguyen11@company.com,DEVELOPER,Software Developer,Kitchener,Active
10012,Abigail,White,Abigail White,awhite12,awhite12@company.com,DEVELOPER,Software Developer,Kitchener,Active
10013,Lucas,Rodriguez,Lucas Rodriguez,lrodriguez13,lrodriguez13@company.com,DEVELOPER,Software Developer,Kitchener,Active
10014,David,Young,David Young,dyoung14,dyoung14@company.com,DEVELOPER,Software Developer,Kitchener,Active
10015,Ava,Carter,Ava Carter,acarter15,acarter15@company.com,DEVELOPER,Software Developer,Kitchener,Active
10016,Emma,Davis,Emma Davis,edavis16,edavis16@company.com,DEVELOPER,Software Developer,Kitchener,Active
10017,Sophia,Green,Sophia Green,sgreen17,sgreen17@company.com,DEVELOPER,Software Developer,Kitchener,Active
10018,James,Baker,James Baker,jbaker18,jbaker18@company.com,PEOPLEOPS,People Ops Specialist,Kitchener,Active
10019,Luna,Hill,Luna Hill,lhill19,lhill19@company.com,DEVELOPER,Software Developer,Kitchener,Active
10020,Oliver,Harris,Oliver Harris,oharris20,oharris20@company.com,DEVELOPER,Software Developer,Kitchener,Active
10021,Daniel,Hill,Daniel Hill,dhill21,dhill21@company.com,DEVELOPER,Software Developer,Kitchener,Active
10022,Ella,King,Ella King,eking22,eking22@company.com,DEVELOPER,Software Developer,Kitchener,Active
10023,Henry,Scott,Henry Scott,hscott23,hscott23@company.com,DEVELOPER,Software Developer,Kitchener,Active
10024,Liam,Baker,Liam Baker,lbaker24,lbaker24@company.com,PEOPLEOPS,People Ops Specialist,Kitchener,Active
10025,Aiden,Davis,Aiden Davis,adavis25,adavis25@company.com,DEVELOPER,Software Developer,Kitchener,Active
10026,Eleanor,Wright,Eleanor Wright,ewright26,ewright26@company.com,DEVELOPER,Software Developer,Kitchener,Active
10027,Luke,Moore,Luke Moore,lmoore27,lmoore27@company.com,DEVELOPER,Software Developer,Kitchener,Active
10028,Penelope,Adams,Penelope Adams,padams28,padams28@company.com,DEVELOPER,Software Developer,Kitchener,Active
10029,Camila,Davis,Camila Davis,cdavis29,cdavis29@company.com,DEVELOPER,Software Developer,Kitchener,Active
10030,Alexander,Ramirez,Alexander Ramirez,aramirez30,aramirez30@company.com,DEVELOPER,Software Developer,Kitchener,Active
10031,James,Robinson,James Robinson,jrobinson31,jrobinson31@company.com,DEVELOPER,Software Developer,Kitchener,Active
10032,Liam,Campbell,Liam Campbell,lcampbell32,lcampbell32@company.com,DEVELOPER,Software Developer,Kitchener,Active
10033,Aiden,Taylor,Aiden Taylor,ataylor33,ataylor33@company.com,DEVELOPER,Software Developer,Kitchener,Active
10034,David,Carter,David Carter,dcarter34,dcarter34@company.com,DEVELOPER,Software Developer,Kitchener,Active
10035,Amelia,Allen,Amelia Allen,aallen35,aallen35@company.com,DEVELOPER,Software Developer,Kitchener,Active
10036,Elijah,Green,Elijah Green,egreen36,egreen36@company.com,DEVELOPER,Software Developer,Kitchener,Active
10037,Harper,Green,Harper Green,hgreen37,hgreen37@company.com,PEOPLEOPS,People Ops Specialist,Kitchener,Active
10038,David,Hill,David Hill,dhill38,dhill38@company.com,DEVELOPER,Software Developer,Kitchener,Active
10039,Benjamin,Martinez,Benjamin Martinez,bmartinez39,bmartinez39@company.com,DEVELOPER,Software Developer,Kitchener,Active
10040,Gianna,Carter,Gianna Carter,gcarter40,gcarter40@company.com,DEVELOPER,Software Developer,Kitchener,Active
10041,James,Wright,James Wright,jwright41,jwright41@company.com,DEVELOPER,Software Developer,Kitchener,Active
10042,Penelope,King,Penelope King,pking42,pking42@company.com,DEVELOPER,Software Developer,Kitchener,Active
10043,Liam,Hill,Liam Hill,lhill43,lhill43@company.com,DEVELOPER,Software Developer,Kitchener,Active
10044,Michael,Young,Michael Young,myoung44,myoung44@company.com,DEVELOPER,Software Developer,Kitchener,Active
10045,Olivia,Davis,Olivia Davis,odavis45,odavis45@company.com,DEVELOPER,Software Developer,Kitchener,Active
10046,Gianna,Martin,Gianna Martin,gmartin46,gmartin46@company.com,DEVELOPER,Software Developer,Kitchener,Active
10047,Mia,Brown,Mia Brown,mbrown47,mbrown47@company.com,DEVELOPER,Software Developer,Kitchener,Active
10048,Mia,Torres,Mia Torres,mtorres48,mtorres48@company.com,DEVELOPER,Software Developer,Kitchener,Active
10049,Ava,Garcia,Ava Garcia,agarcia49,agarcia49@company.com,DEVELOPER,Software Developer,Kitchener,Active
10050,Aiden,Young,Aiden Young,ayoung50,ayoung50@company.com,DEVELOPER,Software Developer,Kitchener,Active
10051,Oliver,Carter,Oliver Carter,ocarter51,ocarter51@company.com,PEOPLEOPS,People Ops Specialist,Kitchener,Active
10052,Jackson,Roberts,Jackson Roberts,jroberts52,jroberts52@company.com,DEVELOPER,Software Developer,Kitchener,Active
10053,William,Rodriguez,William Rodriguez,wrodriguez53,wrodriguez53@company.com,DEVELOPER,Software Developer,Kitchener,Active
10054,Sebastian,Walker,Sebastian Walker,swalker54,swalker54@company.com,DEVELOPER,Software Developer,Kitchener,Active
10055,Emily,Hernandez,Emily Hernandez,ehernandez55,ehernandez55@company.com,DEVELOPER,Software Developer,Kitchener,Active
10056,Henry,King,Henry King,hking56,hking56@company.com,DEVELOPER,Software Developer,Kitchener,Active
10057,John,Ramirez,John Ramirez,jramirez57,jramirez57@company.com,DEVELOPER,Software Developer,Kitchener,Active
10058,Isabella,Wright,Isabella Wright,iwright58,iwright58@company.com,DEVELOPER,Software Developer,Kitchener,Active
10059,Luke,Campbell,Luke Campbell,lcampbell59,lcampbell59@company.com,DEVELOPER,Software Developer,Kitchener,Active
10060,Jack,Gonzalez,Jack Gonzalez,jgonzalez60,jgonzalez60@company.com,DEVELOPER,Software Developer,Kitchener,Active
10061,Madison,Martin,Madison Martin,mmartin61,mmartin61@company.com,DEVELOPER,Software Developer,Kitchener,Active
10062,Abigail,Nelson,Abigail Nelson,anelson62,anelson62@company.com,DEVELOPER,Software Developer,Kitchener,Active
10063,Scarlett,White,Scarlett White,swhite63,swhite63@company.com,DEVELOPER,Software Developer,Kitchener,Active
10064,Joseph,King,Joseph King,jking64,jking64@company.com,DEVELOPER,Software Developer,Kitchener,Active
10065,Joseph,Davis,Joseph Davis,jdavis65,jdavis65@company.com,DEVELOPER,Software Developer,Kitchener,Active
10066,Mia,Anderson,Mia Anderson,manderson66,manderson66@company.com,DEVELOPER,Software Developer,Kitchener,Active
10067,Oliver,Perez,Oliver Perez,operez67,operez67@company.com,DEVELOPER,Software Developer,Kitchener,Active
10068,Olivia,Nguyen,Olivia Nguyen,onguyen68,onguyen68@company.com,DEVELOPER,Software Developer,Kitchener,Active
10069,Emily,Anderson,Emily Anderson,eanderson69,eanderson69@company.com,PEOPLEOPS,People Ops Specialist,Kitchener,Active
10070,Avery,Anderson,Avery Anderson,aanderson70,aanderson70@company.com,DEVELOPER,Software Developer,Kitchener,Active
10071,Liam,Jones,Liam Jones,ljones71,ljones71@company.com,DEVELOPER,Software Developer,Kitchener,Active
10072,Madison,Green,Madison Green,mgreen72,mgreen72@company.com,PEOPLEOPS,People Ops Specialist,Kitchener,Active
10073,Emma,Anderson,Emma Anderson,eanderson73,eanderson73@company.com,DEVELOPER,Software Developer,Kitchener,Active
10074,Oliver,Williams,Oliver Williams,owilliams74,owilliams74@company.com,PEOPLEOPS,People Ops Specialist,Kitchener,Active
10075,Camila,Jones,Camila Jones,cjones75,cjones75@company.com,DEVELOPER,Software Developer,Kitchener,Active
10076,David,Thomas,David Thomas,dthomas76,dthomas76@company.com,DEVELOPER,Software Developer,Kitchener,Active
10077,Evelyn,Nelson,Evelyn Nelson,enelson77,enelson77@company.com,DEVELOPER,Software Developer,Kitchener,Active
10078,Elizabeth,Wilson,Elizabeth Wilson,ewilson78,ewilson78@company.com,DEVELOPER,Software Developer,Kitchener,Active
10079,Jackson,Rodriguez,Jackson Rodriguez,jrodriguez79,jrodriguez79@company.com,DEVELOPER,Software Developer,Kitchener,Active
10080,Aiden,Torres,Aiden Torres,atorres80,atorres80@company.com,DEVELOPER,Software Developer,Kitchener,Active
10081,Logan,Walker,Logan Walker,lwalker81,lwalker81@company.com,DEVELOPER,Software Developer,Kitchener,Active
10082,Mia,Walker,Mia Walker,mwalker82,mwalker82@company.com,DEVELOPER,Software Developer,Kitchener,Active
10083,Matthew,Gonzalez,Matthew Gonzalez,mgonzalez83,mgonzalez83@company.com,DEVELOPER,Software Developer,Kitchener,Active
10084,Elijah,Miller,Elijah Miller,emiller84,emiller84@company.com,DEVELOPER,Software Developer,Kitchener,Active
10085,Sebastian,Ramirez,Sebastian Ramirez,sramirez85,sramirez85@company.com,PEOPLEOPS,People Ops Specialist,Kitchener,Active
10086,Ethan,Ramirez,Ethan Ramirez,eramirez86,eramirez86@company.com,DEVELOPER,Software Developer,Kitchener,Active
10087,Matthew,Robinson,Matthew Robinson,mrobinson87,mrobinson87@company.com,DEVELOPER,Software Developer,Kitchener,Active
10088,Aiden,Brown,Aiden Brown,abrown88,abrown88@company.com,DEVELOPER,Software Developer,Kitchener,Active
10089,Eleanor,Adams,Eleanor Adams,eadams89,eadams89@company.com,DEVELOPER,Software Developer,Kitchener,Active
10090,Scarlett,Miller,Scarlett Miller,smiller90,smiller90@company.com,DEVELOPER,Software Developer,Kitchener,Active
10091,Emma,Sanchez,Emma Sanchez,esanchez91,esanchez91@company.com,DEVELOPER,Software Developer,Kitchener,Active
10092,Aiden,Perez,Aiden Perez,aperez92,aperez92@company.com,DEVELOPER,Software Developer,Kitchener,Active
10093,Elijah,Thomas,Elijah Thomas,ethomas93,ethomas93@company.com,DEVELOPER,Software Developer,Kitchener,Active
10094,Benjamin,Gonzalez,Benjamin Gonzalez,bgonzalez94,bgonzalez94@company.com,DEVELOPER,Software Developer,Kitchener,Active
10095,Jackson,Lewis,Jackson Lewis,jlewis95,jlewis95@company.com,DEVELOPER,Software Developer,Kitchener,Active
10096,William,Ramirez,William Ramirez,wramirez96,wramirez96@company.com,DEVELOPER,Software Developer,Kitchener,Active
10097,Amelia,Moore,Amelia Moore,amoore97,amoore97@company.com,PEOPLEOPS,People Ops Specialist,Kitchener,Active
10098,Ella,Thomas,Ella Thomas,ethomas98,ethomas98@company.com,DEVELOPER,Software Developer,Kitchener,Active
10099,Oliver,Lewis,Oliver Lewis,olewis99,olewis99@company.com,DEVELOPER,Software Developer,Kitchener,Active
10100,Emily,Miller,Emily Miller,emiller100,emiller100@company.com,DEVELOPER,Software Developer,Kitchener,Active
